sophia.thompson@example.com,Sophia,Thompson,female
jacob.white@example.com,Jacob,White,male
emma.scott@example.com,Emma,Scott,female
michael.walker@example.com,Michael,Walker,male
abigail.lee@example.com,Abigail,Lee,female
ethan.harris@example.com,Ethan,Harris,male
ava.martinez@example.com,Ava,Martinez,female
william.clark@example.com,William,Clark,male
mia.roberts@example.com,Mia,Roberts,female
james.nguyen@example.com,James,Nguyen,male
olivia.johnson@example.com,Olivia,Johnson,female
lucas.hernandez@example.com,Lucas,Hernandez,male
emily.gonzalez@example.com,Emily,Gonzalez,female
noah.carter@example.com,Noah,Carter,male
isabella.perez@example.com,Isabella,Perez,female
benjamin.lewis@example.com,Benjamin,Lewis,male
emma.hall@example.com,Emma,Hall,female
alexander.lopez@example.com,Alexander,Lopez,male
sophia.adams@example.com,Sophia,Adams,female
daniel.lee@example.com,Daniel,Lee,male
olivia.miller@example.com,Olivia,Miller,female
ethan.brown@example.com,Ethan,Brown,male
ava.garcia@example.com,Ava,Garcia,female
william.martinez@example.com,William,Martinez,male
mia.rodriguez@example.com,Mia,Rodriguez,female
james.hernandez@example.com,James,Hernandez,male
isabella.gonzalez@example.com,Isabella,Gonzalez,female
benjamin.smith@example.com,Benjamin,Smith,male
emma.nguyen@example.com,Emma,Nguyen,female
lucas.anderson@example.com,Lucas,Anderson,male